Method,Accuracy,F-measure,Recall,Precision
adam_64_16,0.9756312430502996,0.958342384436331,0.967973363261423,0.9491230892771012
adam_64_32,0.9748586699558022,0.956465902694321,0.9584390676697276,0.95452126628657
adam_64_64,0.9700283127295152,0.9483013291186064,0.9555998644419644,0.943118990333371
adam_64_128,0.9671207916351304,0.9412638057414036,0.937495914458568,0.9488840574464776
RMSprop_64_16,0.8906113867630981,0.8819777346723109,0.976825903046424,0.8418009002271013
RMSprop_64_32,0.9702202412655696,0.9506180431462562,0.9864751423962352,0.9184708575623944
RMSprop_64_64,0.9514542277539502,0.8963944993620079,0.8819810079931294,0.947813425080945
RMSprop_64_128,0.9735075080125959,0.9558315561345087,0.9874086296516973,0.9267153097113052